mrio,flood_scenario,mrio year,country_affected,regions_affected,productive_capital_impact_GVA_share,households_impact_GVA_share,impact unit,productive_capital_impact_regional_distrib,productive_capital_impact_sectoral_distrib_type,duration,productive_capital_impact,households_impact
exiobase3_full,germany21,2000,DE,['DE'],0.005388888888888889,0.0038888888888888888,share of GVA,[1.0],gdp,14,11337.577452049154,8181.756924159183
eora26_full,germany21,2000,DEU,['DEU'],0.005388888888888889,0.0038888888888888888,share of GVA,[1.0],gdp,14,10499708.226503234,7577109.029435324
euregio_full,germany21,2000,DE,"['DE21', 'DE22', 'DE23', 'DE24', 'DE25', 'DE26', 'DE27', 'DEA1', 'DEA2', 'DEA3', 'DEA4', 'DEA5', 'DEB1', 'DEB2', 'DEB3', 'DED1', 'DED2', 'DED3']",0.005388888888888889,0.0038888888888888888,share of GVA,"[0.00137977016177574, 0.00137977016177574, 0.00137977016177574, 0.00137977016177574, 0.00137977016177574, 0.00137977016177574, 0.00137977016177574, 0.0797303429052959, 0.0797303429052959, 0.0797303429052959, 0.0797303429052959, 0.0797303429052959, 0.194464250988527, 0.194464250988527, 0.194464250988527, 0.00276571379183682, 0.00276571379183682, 0.00276571379183682]",gdp,14,10535.251457436734,7602.758783717231
exiobase3_full,germany21,2010,DE,['DE'],0.005388888888888889,0.0038888888888888888,share of GVA,[1.0],gdp,14,13805.970236730547,9963.071304857096
eora26_full,germany21,2010,DEU,['DEU'],0.005388888888888889,0.0038888888888888888,share of GVA,[1.0],gdp,14,18697784.55170114,13493246.583701853
euregio_full,germany21,2010,DE,"['DE21', 'DE22', 'DE23', 'DE24', 'DE25', 'DE26', 'DE27', 'DEA1', 'DEA2', 'DEA3', 'DEA4', 'DEA5', 'DEB1', 'DEB2', 'DEB3', 'DED1', 'DED2', 'DED3']",0.005388888888888889,0.0038888888888888888,share of GVA,"[0.00137977016177574, 0.00137977016177574, 0.00137977016177574, 0.00137977016177574, 0.00137977016177574, 0.00137977016177574, 0.00137977016177574, 0.0797303429052959, 0.0797303429052959, 0.0797303429052959, 0.0797303429052959, 0.0797303429052959, 0.194464250988527, 0.194464250988527, 0.194464250988527, 0.00276571379183682, 0.00276571379183682, 0.00276571379183682]",gdp,14,12962.01646991096,9354.032504059454
