,,regions_affected,impact,impact unit,impact_regional_distrib,impact_sectoral_distrib_type,duration
exiobase3_full,germany21,['DE'],30854,million €,[1.0],gdp,14
eora26_full,germany21,['DEU'],30854,million €,[1.0],gdp,14
euregio_full,germany21,"['DE21', 'DE22', 'DE23', 'DE24', 'DE25', 'DE26', 'DE27', 'DEA1', 'DEA2', 'DEA3', 'DEA4', 'DEA5', 'DEB1', 'DEB2', 'DEB3', 'DED1', 'DED2', 'DED3']",30854,million €,"[0.00137977016177574, 0.00137977016177574, 0.00137977016177574, 0.00137977016177574, 0.00137977016177574, 0.00137977016177574, 0.00137977016177574, 0.0797303429052959, 0.0797303429052959, 0.0797303429052959, 0.0797303429052959, 0.0797303429052959, 0.194464250988527, 0.194464250988527, 0.194464250988527, 0.00276571379183682, 0.00276571379183682, 0.00276571379183682]",gdp,14
